Workbook

Sheet Ex2 Critical
A1: Exercício 2 – Soma de vetor (versão critical)
A2: Azul = dados medidos (tempos em segundos, de results/*.csv); preto = fórmulas. Média de 10 execuções.
A4: Escalabilidade FORTE (N fixo = 2^28 elementos)
A5: Threads | B5: N | C5: Exec 1 | D5: Exec 2 | E5: Exec 3 | F5: Exec 4 | G5: Exec 5 | H5: Exec 6 | I5: Exec 7 | J5: Exec 8 | K5: Exec 9 | L5: Exec 10 | M5: Média (s) | N5: Speedup | O5: Eficiência | P5: Ideal
A6: 1 | B6: 268435456 | C6: 0.206233 | D6: 0.12993 | E6: 0.100045 | F6: 0.100235 | G6: 0.092954 | H6: 0.097821 | I6: 0.093625 | J6: 0.090465 | K6: 0.155125 | L6: 0.096516 | M6: =IFERROR(AVERAGE(C6:L6),"") | N6: =IFERROR(M$6/M6,"") | O6: =IFERROR(N6/$A6,"") | P6: =A6
A7: 2 | B7: 268435456 | C7: 0.105303 | D7: 0.113757 | E7: 0.100441 | F7: 0.100194 | G7: 0.100972 | H7: 0.104101 | I7: 0.100567 | J7: 0.129507 | K7: 0.121392 | L7: 0.111415 | M7: =IFERROR(AVERAGE(C7:L7),"") | N7: =IFERROR(M$6/M7,"") | O7: =IFERROR(N7/$A7,"") | P7: =A7
A8: 3 | B8: 268435456 | C8: 0.099438 | D8: 0.125131 | E8: 0.111401 | F8: 0.097 | G8: 0.099432 | H8: 0.099784 | I8: 0.135581 | J8: 0.103598 | K8: 0.118195 | L8: 0.10936 | M8: =IFERROR(AVERAGE(C8:L8),"") | N8: =IFERROR(M$6/M8,"") | O8: =IFERROR(N8/$A8,"") | P8: =A8
A9: 4 | B9: 268435456 | C9: 0.100153 | D9: 0.111411 | E9: 0.103387 | F9: 0.120204 | G9: 0.123517 | H9: 0.099547 | I9: 0.09924 | J9: 0.099096 | K9: 0.114567 | L9: 0.116591 | M9: =IFERROR(AVERAGE(C9:L9),"") | N9: =IFERROR(M$6/M9,"") | O9: =IFERROR(N9/$A9,"") | P9: =A9
A10: 5 | B10: 268435456 | C10: 0.099148 | D10: 0.098661 | E10: 0.097631 | F10: 0.100882 | G10: 0.110576 | H10: 0.106529 | I10: 0.137201 | J10: 0.111168 | K10: 0.107104 | L10: 0.10408 | M10: =IFERROR(AVERAGE(C10:L10),"") | N10: =IFERROR(M$6/M10,"") | O10: =IFERROR(N10/$A10,"") | P10: =A10
A11: 6 | B11: 268435456 | C11: 0.108601 | D11: 0.110038 | E11: 0.125636 | F11: 0.109622 | G11: 0.100785 | H11: 0.107868 | I11: 0.100822 | J11: 0.133129 | K11: 0.168959 | L11: 0.149297 | M11: =IFERROR(AVERAGE(C11:L11),"") | N11: =IFERROR(M$6/M11,"") | O11: =IFERROR(N11/$A11,"") | P11: =A11
A14: Escalabilidade FRACA (N = threads × 2^27; máximo 6×2^27 ≤ 2^30)
A15: Threads | B15: N | C15: Exec 1 | D15: Exec 2 | E15: Exec 3 | F15: Exec 4 | G15: Exec 5 | H15: Exec 6 | I15: Exec 7 | J15: Exec 8 | K15: Exec 9 | L15: Exec 10 | M15: Média (s) | N15: Speedup escalado | O15: Eficiência | P15: Ideal
A16: 1 | B16: 134217728 | C16: 0.06316 | D16: 0.046366 | E16: 0.046257 | F16: 0.047095 | G16: 0.046054 | H16: 0.045835 | I16: 0.075671 | J16: 0.093748 | K16: 0.068125 | L16: 0.060173 | M16: =IFERROR(AVERAGE(C16:L16),"") | N16: =IFERROR($A16*M$16/M16,"") | O16: =IFERROR(M$16/M16,"") | P16: =A16
A17: 2 | B17: 268435456 | C17: 0.164152 | D17: 0.100284 | E17: 0.117331 | F17: 0.133802 | G17: 0.101535 | H17: 0.117283 | I17: 0.100221 | J17: 0.113409 | K17: 0.100165 | L17: 0.140768 | M17: =IFERROR(AVERAGE(C17:L17),"") | N17: =IFERROR($A17*M$16/M17,"") | O17: =IFERROR(M$16/M17,"") | P17: =A17
A18: 3 | B18: 402653184 | C18: 0.187685 | D18: 0.155163 | E18: 0.159589 | F18: 0.163826 | G18: 0.154306 | H18: 0.182086 | I18: 0.14821 | J18: 0.177994 | K18: 0.148216 | L18: 0.163995 | M18: =IFERROR(AVERAGE(C18:L18),"") | N18: =IFERROR($A18*M$16/M18,"") | O18: =IFERROR(M$16/M18,"") | P18: =A18
A19: 4 | B19: 536870912 | C19: 0.199417 | D19: 0.210525 | E19: 0.295476 | F19: 0.291957 | G19: 0.211343 | H19: 0.197833 | I19: 0.207936 | J19: 0.239923 | K19: 0.199134 | L19: 0.20191 | M19: =IFERROR(AVERAGE(C19:L19),"") | N19: =IFERROR($A19*M$16/M19,"") | O19: =IFERROR(M$16/M19,"") | P19: =A19
A20: 5 | B20: 671088640 | C20: 0.264106 | D20: 0.252551 | E20: 0.403716 | F20: 0.278748 | G20: 0.257566 | H20: 0.261539 | I20: 0.317011 | J20: 0.260457 | K20: 0.252109 | L20: 0.255047 | M20: =IFERROR(AVERAGE(C20:L20),"") | N20: =IFERROR($A20*M$16/M20,"") | O20: =IFERROR(M$16/M20,"") | P20: =A20
A21: 6 | B21: 805306368 | C21: 0.306768 | D21: 0.305953 | E21: 0.317327 | F21: 0.307753 | G21: 0.299281 | H21: 0.313411 | I21: 0.40141 | J21: 0.32104 | K21: 0.302968 | L21: 0.296078 | M21: =IFERROR(AVERAGE(C21:L21),"") | N21: =IFERROR($A21*M$16/M21,"") | O21: =IFERROR(M$16/M21,"") | P21: =A21

Sheet Ex2 Reduction
A1: Exercício 2 – Soma de vetor (versão reduction)
A2: Azul = dados medidos (tempos em segundos, de results/*.csv); preto = fórmulas. Média de 10 execuções.
A4: Escalabilidade FORTE (N fixo = 2^28 elementos)
A5: Threads | B5: N | C5: Exec 1 | D5: Exec 2 | E5: Exec 3 | F5: Exec 4 | G5: Exec 5 | H5: Exec 6 | I5: Exec 7 | J5: Exec 8 | K5: Exec 9 | L5: Exec 10 | M5: Média (s) | N5: Speedup | O5: Eficiência | P5: Ideal
A6: 1 | B6: 268435456 | C6: 0.093927 | D6: 0.131689 | E6: 0.09374 | F6: 0.094953 | G6: 0.096602 | H6: 0.107895 | I6: 0.095714 | J6: 0.092093 | K6: 0.106534 | L6: 0.09281 | M6: =IFERROR(AVERAGE(C6:L6),"") | N6: =IFERROR(M$6/M6,"") | O6: =IFERROR(N6/$A6,"") | P6: =A6
A7: 2 | B7: 268435456 | C7: 0.099339 | D7: 0.116157 | E7: 0.098745 | F7: 0.138064 | G7: 0.107273 | H7: 0.175484 | I7: 0.169656 | J7: 0.130758 | K7: 0.101129 | L7: 0.159231 | M7: =IFERROR(AVERAGE(C7:L7),"") | N7: =IFERROR(M$6/M7,"") | O7: =IFERROR(N7/$A7,"") | P7: =A7
A8: 3 | B8: 268435456 | C8: 0.101417 | D8: 0.101577 | E8: 0.11185 | F8: 0.102422 | G8: 0.103652 | H8: 0.101985 | I8: 0.115232 | J8: 0.106248 | K8: 0.104786 | L8: 0.105549 | M8: =IFERROR(AVERAGE(C8:L8),"") | N8: =IFERROR(M$6/M8,"") | O8: =IFERROR(N8/$A8,"") | P8: =A8
A9: 4 | B9: 268435456 | C9: 0.102654 | D9: 0.122814 | E9: 0.100838 | F9: 0.109886 | G9: 0.097407 | H9: 0.104595 | I9: 0.108565 | J9: 0.111692 | K9: 0.132287 | L9: 0.113594 | M9: =IFERROR(AVERAGE(C9:L9),"") | N9: =IFERROR(M$6/M9,"") | O9: =IFERROR(N9/$A9,"") | P9: =A9
A10: 5 | B10: 268435456 | C10: 0.10054 | D10: 0.109631 | E10: 0.110565 | F10: 0.110964 | G10: 0.10599 | H10: 0.10203 | I10: 0.102474 | J10: 0.100441 | K10: 0.100751 | L10: 0.101154 | M10: =IFERROR(AVERAGE(C10:L10),"") | N10: =IFERROR(M$6/M10,"") | O10: =IFERROR(N10/$A10,"") | P10: =A10
A11: 6 | B11: 268435456 | C11: 0.100738 | D11: 0.103199 | E11: 0.100623 | F11: 0.101073 | G11: 0.100716 | H11: 0.116912 | I11: 0.157932 | J11: 0.180708 | K11: 0.112706 | L11: 0.106583 | M11: =IFERROR(AVERAGE(C11:L11),"") | N11: =IFERROR(M$6/M11,"") | O11: =IFERROR(N11/$A11,"") | P11: =A11
A14: Escalabilidade FRACA (N = threads × 2^27; máximo 6×2^27 ≤ 2^30)
A15: Threads | B15: N | C15: Exec 1 | D15: Exec 2 | E15: Exec 3 | F15: Exec 4 | G15: Exec 5 | H15: Exec 6 | I15: Exec 7 | J15: Exec 8 | K15: Exec 9 | L15: Exec 10 | M15: Média (s) | N15: Speedup escalado | O15: Eficiência | P15: Ideal
A16: 1 | B16: 134217728 | C16: 0.04696 | D16: 0.048418 | E16: 0.046438 | F16: 0.046463 | G16: 0.046784 | H16: 0.061048 | I16: 0.075716 | J16: 0.046159 | K16: 0.055023 | L16: 0.045639 | M16: =IFERROR(AVERAGE(C16:L16),"") | N16: =IFERROR($A16*M$16/M16,"") | O16: =IFERROR(M$16/M16,"") | P16: =A16
A17: 2 | B17: 268435456 | C17: 0.113541 | D17: 0.106554 | E17: 0.117684 | F17: 0.152736 | G17: 0.103142 | H17: 0.104938 | I17: 0.101453 | J17: 0.102134 | K17: 0.104695 | L17: 0.10403 | M17: =IFERROR(AVERAGE(C17:L17),"") | N17: =IFERROR($A17*M$16/M17,"") | O17: =IFERROR(M$16/M17,"") | P17: =A17
A18: 3 | B18: 402653184 | C18: 0.188298 | D18: 0.204635 | E18: 0.188118 | F18: 0.15956 | G18: 0.15855 | H18: 0.152775 | I18: 0.165252 | J18: 0.154415 | K18: 0.249549 | L18: 0.155265 | M18: =IFERROR(AVERAGE(C18:L18),"") | N18: =IFERROR($A18*M$16/M18,"") | O18: =IFERROR(M$16/M18,"") | P18: =A18
A19: 4 | B19: 536870912 | C19: 0.275807 | D19: 0.277433 | E19: 0.285808 | F19: 0.241565 | G19: 0.213428 | H19: 0.20394 | I19: 0.245033 | J19: 0.209187 | K19: 0.203751 | L19: 0.210311 | M19: =IFERROR(AVERAGE(C19:L19),"") | N19: =IFERROR($A19*M$16/M19,"") | O19: =IFERROR(M$16/M19,"") | P19: =A19
A20: 5 | B20: 671088640 | C20: 0.298607 | D20: 0.30108 | E20: 0.304619 | F20: 0.262278 | G20: 0.290454 | H20: 0.28189 | I20: 0.272838 | J20: 0.253319 | K20: 0.26038 | L20: 0.272488 | M20: =IFERROR(AVERAGE(C20:L20),"") | N20: =IFERROR($A20*M$16/M20,"") | O20: =IFERROR(M$16/M20,"") | P20: =A20
A21: 6 | B21: 805306368 | C21: 0.299209 | D21: 0.320558 | E21: 0.327927 | F21: 0.321238 | G21: 0.304294 | H21: 0.308512 | I21: 0.302681 | J21: 0.312907 | K21: 0.342932 | L21: 0.367815 | M21: =IFERROR(AVERAGE(C21:L21),"") | N21: =IFERROR($A21*M$16/M21,"") | O21: =IFERROR(M$16/M21,"") | P21: =A21

Sheet Ex3 Sequencial
A1: Exercício 3 – Multiplicação de matrizes (versão sequencial, blocking + i-k-j)
A3: Threads | B3: N | C3: Exec 1 | D3: Exec 2 | E3: Exec 3 | F3: Média (s)
A4: 1 | B4: 2048 | C4: 6.36009 | D4: 6.447832 | E4: 6.428183 | F4: =IFERROR(AVERAGE(C4:E4),"")

Sheet Ex3 Paralela
A1: Exercício 3 – Multiplicação de matrizes (versão OpenMP, collapse(2) em blocos)
A2: Speedup = média sequencial (aba 'Ex3 Sequencial') / média com p threads. Média de 3 execuções.
A3: Threads | B3: N | C3: Exec 1 | D3: Exec 2 | E3: Exec 3 | F3: Média (s) | G3: Speedup | H3: Eficiência | I3: Ideal
A4: 1 | B4: 2048 | C4: 3.770189 | D4: 3.801928 | E4: 3.894094 | F4: =IFERROR(AVERAGE(C4:E4),"") | G4: =IFERROR('Ex3 Sequencial'!$F$4/F4,"") | H4: =IFERROR(G4/A4,"") | I4: =A4
A5: 2 | B5: 2048 | C5: 3.897507 | D5: 3.822339 | E5: 3.755857 | F5: =IFERROR(AVERAGE(C5:E5),"") | G5: =IFERROR('Ex3 Sequencial'!$F$4/F5,"") | H5: =IFERROR(G5/A5,"") | I5: =A5
A6: 3 | B6: 2048 | C6: 3.817545 | D6: 3.894183 | E6: 3.788929 | F6: =IFERROR(AVERAGE(C6:E6),"") | G6: =IFERROR('Ex3 Sequencial'!$F$4/F6,"") | H6: =IFERROR(G6/A6,"") | I6: =A6
A7: 4 | B7: 2048 | C7: 3.798123 | D7: 3.751809 | E7: 3.845271 | F7: =IFERROR(AVERAGE(C7:E7),"") | G7: =IFERROR('Ex3 Sequencial'!$F$4/F7,"") | H7: =IFERROR(G7/A7,"") | I7: =A7
A8: 5 | B8: 2048 | C8: 4.288869 | D8: 3.914067 | E8: 3.733473 | F8: =IFERROR(AVERAGE(C8:E8),"") | G8: =IFERROR('Ex3 Sequencial'!$F$4/F8,"") | H8: =IFERROR(G8/A8,"") | I8: =A8
A9: 6 | B9: 2048 | C9: 4.10969 | D9: 3.880927 | E9: 3.74529 | F9: =IFERROR(AVERAGE(C9:E9),"") | G9: =IFERROR('Ex3 Sequencial'!$F$4/F9,"") | H9: =IFERROR(G9/A9,"") | I9: =A9
